{"favored": 0.00017067759003242875, "allowed": 0.00017067759003242875}