{
  "seed": 42,
  "spearman_rho": 0.48472691750334007,
  "spearman_p": 0.005717538155214183,
  "pearson_r": 0.31658680488909885,
  "pearson_p": 0.08270647595802888,
  "bland_altman_mean_diff": -0.039032258064516115,
  "bland_altman_sd_diff": 1.1786131817768137,
  "bland_altman_loa_lower": -2.349114094347071,
  "bland_altman_loa_upper": 2.271049578218039,
  "bland_altman_ci_lower": -0.4713510634086559,
  "bland_altman_ci_upper": 0.3932865472796237,
  "ols_slope": 0.22527698123470946,
  "ols_intercept": 0.4590396698062015,
  "ols_r2": 0.10022720502988869,
  "ols_p": 0.0827064759580284,
  "bootstrap_spearman_ci_lower": 0.12944838775719927,
  "bootstrap_spearman_ci_upper": 0.7815156427217258,
  "rama_n_paired": 31,
  "cf_rama_outlier_mean": 0.6038709677419355,
  "ww_rama_outlier_mean": 0.6429032258064517,
  "deposition_year_mw_u_12struct": 278.0,
  "deposition_year_mw_p_12struct": 0.0027301821909713852,
  "deposition_year_mw_u_16struct": 394.0,
  "deposition_year_mw_p_16struct": 0.00011363307953363246,
  "cliffs_delta": 0.6982758620689655,
  "logistic_OR": 1.5953015576145342,
  "logistic_95ci_lower": 1.1909362908755168,
  "logistic_95ci_upper": 2.136963227358209,
  "logistic_p": 0.0017384767208668958,
  "permutation_p": 0.00019998000199980003,
  "permutation_obs_diff_mean_year": 5.443965517241395,
  "err16_years": [
    1992,
    1993,
    1998,
    1999,
    2000,
    2001,
    2003,
    2003,
    2003,
    2004,
    2005,
    2005,
    2006,
    2007,
    2008,
    2011
  ],
  "clean_years_n": 29,
  "resolution_mw_u": 111.5,
  "resolution_mw_p": 0.19058477455168865,
  "resolution_err_mean": 2.015,
  "resolution_clean_mean": 1.7164705882352942,
  "resolution_signed_pearson_r": 0.3398178679686469,
  "resolution_signed_pearson_p": 9.686320802340962e-06,
  "resolution_signed_spearman_rho": 0.3900372407080863,
  "resolution_signed_spearman_p": 2.888219258679927e-07,
  "resolution_abs_pearson_r": -0.2191158488722967,
  "resolution_abs_pearson_p": 0.005087828617013185,
  "resolution_abs_spearman_rho": -0.16821889092739806,
  "resolution_abs_spearman_p": 0.03237338467123887,
  "dip_statistic": 0.0018402732126014192,
  "dip_p": 0.9953839106260174,
  "gmm_component1_mean": -2.52281118684318,
  "gmm_component1_std": 0.1046706233705301,
  "gmm_component1_weight": 0.9695932652521315,
  "gmm_component2_mean": -1.7931890990193002,
  "gmm_component2_std": 1.3346365589024722,
  "gmm_component2_weight": 0.030406734747868522,
  "signed_volume_n": 12573,
  "fisher_exact_ccd_or": Infinity,
  "fisher_exact_ccd_p": 1.9619543736840045e-10,
  "chisq_ccd_stat": 113.78299266541947,
  "chisq_ccd_dof": 17,
  "chisq_ccd_p": 2.334092244531764e-16,
  "error_prone_codes": [
    "DAL",
    "DAR",
    "DCY",
    "DHI",
    "DLY",
    "DPN",
    "DSG",
    "DSN",
    "DTY"
  ],
  "clean_codes": [
    "DAS",
    "DGL",
    "DGN",
    "DIL",
    "DLE",
    "DPR",
    "DTH",
    "DTR",
    "DVA"
  ]
}